10,11,12,13,14,23,26,38,39,41,42,37,43,40,24,25,27,28,29,30,32,33,34,35,36,44,45,46,47,48,49,50,51,52,53,54,55
1,2,3,4,5,6,7,20,21,22,23,24,25,26,8,9,10,11,12,13,14,16,17,18,19,27,28,29,30,31,32,33,34,35,36,37,38
856.6519824,865.2863436,843.0837004,863.4361233,852.3348018,512.5110132,867.1365639,844.9339207,857.2687225,851.7180617,849.8678414,843.7004405,852.3348018,823.5294118,512.5110132,903.5242291,862.2026432,861.5859031,567.4008811,864.6696035,859.7356828,862.2026432,862.8193833,834.4493392,835.6828194,843.7004405,846.784141,844.3171806,848.0176211,840,841.8502203,845.5506608,858.5022026,859.7356828,857.8854626,856.6519824,856.0352423
0,0,0,0,0,0,0,0,0,0,0,0,0,0,0,0,0,0,0,0,0,0,0,0,0,20.35242291,0,0,0,0,0,0,21.58590308,0,0,0,0
0,0,0,0,0,0,0,0,0,0,0,0,0,0,0,0,0,0,0,0,0,0,0,0,0,30.83700441,0,0,1.850220264,0,0,1.850220264,27.75330396,0,0,0,0
0,0,0,0,0,0,0,0,0,18.50220264,0,0,0,0,0,0,0,0,0,0,0,0,0,0,0,33.30396476,0,0,8.017621145,0,0,4.933920705,33.92070485,1.850220264,0,0,0
0,9.251101322,0,0,0,0,8.634361233,0,0,27.75330396,0,8.634361233,0,0,0,9.251101322,0,0,0,4.933920705,0,6.167400881,0,11.10132159,0,35.15418502,0,0,17.26872247,388.5462555,0,5.550660793,39.47136564,5.550660793,0,0,0
0,22.20264317,43.78854626,0,0,3.083700441,14.80176211,7.400881057,0,34.53744493,13.56828194,17.26872247,0,0,0,14.18502203,0,0,0,9.86784141,0,15.4185022,0,30.83700441,0,0,0,0,21.58590308,385.4625551,0,8.634361233,53.65638767,9.86784141,0,0,0
0,37.62114537,45.02202643,2.466960352,26.51982379,11.71806167,26.51982379,16.65198238,0,68.45814978,17.88546256,38.23788546,0,0,0,19.11894273,0,0,0,35.15418502,4.317180617,27.75330396,0,45.02202643,0,0,0,0,27.13656388,386.0792952,0,35.77092511,62.90748899,24.05286344,0,0,8.634361233
0,59.20704846,43.78854626,10.4845815,0,22.20264317,48.10572687,27.13656388,0,80.17621145,21.58590308,43.78854626,11.10132159,0,0,38.85462555,0,0,0,46.25550661,16.03524229,45.63876652,0,62.90748899,0,0,0,6.167400881,66.60792952,389.1629956,0,45.02202643,72.7753304,30.22026432,0,0,25.28634361
0,91.27753304,43.17180617,19.11894273,0,31.45374449,91.27753304,40.08810573,9.86784141,96.21145374,33.92070485,78.94273128,17.26872247,0,0,74.00881057,0,0,5.550660793,57.97356828,27.75330396,65.99118943,0,72.15859031,0,0,0,31.45374449,91.27753304,382.9955947,0,49.95594714,83.25991189,39.47136564,2.466960352,0,32.07048458
1.850220264,106.6960352,45.02202643,27.75330396,0,50.57268722,105.4625551,64.14096916,20.969163,104.2290749,50.57268722,96.21145374,22.81938326,0,0,101.1453744,0,0,12.95154185,70.30837004,43.78854626,82.02643172,0,141.2334802,0,0,6.784140969,56.74008811,114.7136564,376.8281938,0,65.99118943,92.51101322,55.50660793,16.03524229,0,40.08810573
19.73568282,119.6475771,52.42290749,41.93832599,0,74.62555066,120.2643172,81.40969163,40.70484581,111.6299559,64.75770925,147.4008811,133.215859,0,12.95154185,111.0132159,0,0,20.969163,86.34361233,61.67400881,93.74449339,0,148.0176211,0,0,38.23788546,76.47577093,119.030837,105.4625551,0,73.39207048,109.1629956,63.52422907,25.28634361,0,44.40528634
36.3876652,132.5991189,53.03964758,56.12334802,26.51982379,93.1277533,156.6519824,95.59471366,54.88986784,120.2643172,78.32599119,158.5022026,142.4669604,2.400960384,24.05286344,119.030837,9.86784141,12.33480176,30.83700441,101.1453744,72.7753304,104.2290749,11.10132159,160.3524229,0,0,63.52422907,87.57709251,127.0484581,116.5638767,12.95154185,78.94273128,140.6167401,97.44493392,38.85462555,0,51.8061674
51.18942731,144.3171806,57.97356828,67.2246696,33.30396476,107.3127753,165.9030837,111.0132159,71.54185022,131.3656388,138.1497797,161.5859031,147.4008811,9.003601441,33.92070485,134.4493392,16.65198238,20.969163,42.55506608,114.0969163,101.1453744,115.9471366,24.05286344,170.8370044,0,0,78.32599119,96.21145374,141.2334802,126.4317181,27.13656388,93.1277533,153.5682819,104.2290749,48.10572687,4.317180617,404.5814978
64.75770925,154.185022,63.52422907,78.94273128,84.49339207,121.4977974,173.3039648,122.7312775,115.9471366,140.6167401,142.4669604,164.0528634,153.5682819,12.60504202,46.8722467,156.0352423,25.28634361,28.98678414,61.05726872,126.4317181,119.030837,131.3656388,40.08810573,177.0044053,0,0.616740088,91.89427313,106.6960352,154.8017621,136.9162996,35.15418502,111.0132159,165.9030837,115.9471366,66.60792952,15.4185022,394.0969163
81.40969163,164.0528634,67.84140969,90.66079295,89.42731278,136.2995595,180.0881057,134.4493392,119.6475771,151.1013216,145.5506608,168.3700441,159.1189427,13.80552221,53.03964758,167.753304,31.45374449,48.10572687,72.15859031,141.2334802,138.7665198,145.5506608,65.99118943,182.5550661,4.933920705,29.60352423,105.4625551,115.9471366,168.9867841,146.784141,42.55506608,127.6651982,183.7885463,127.6651982,143.7004405,24.66960352,419.3832599
97.44493392,172.6872247,78.32599119,101.1453744,92.51101322,146.784141,190.5726872,146.1674009,123.3480176,159.1189427,151.1013216,171.4537445,164.6696035,42.61704682,64.75770925,180.0881057,32.07048458,65.99118943,85.11013216,154.8017621,150.4845815,157.2687225,78.32599119,187.4889868,39.47136564,38.85462555,115.3303965,125.814978,180.7048458,157.8854626,46.25550661,144.9339207,199.2070485,136.9162996,148.6343612,28.98678414,430.4845815
112.8634361,185.0220264,88.81057269,111.0132159,101.7621145,154.8017621,204.7577093,160.3524229,128.8986784,175.7709251,160.3524229,177.6211454,169.6035242,64.82593037,79.55947137,191.8061674,37.62114537,77.7092511,97.44493392,166.5198238,160.969163,167.753304,102.9955947,191.8061674,57.97356828,49.33920705,122.7312775,133.215859,192.4229075,167.1365639,58.59030837,162.8193833,210.30837,150.4845815,151.7180617,37.00440529,432.3348018
129.5154185,197.9735683,99.29515419,122.1145374,106.6960352,164.6696035,217.7092511,173.9207048,132.5991189,189.9559471,167.1365639,180.7048458,173.9207048,70.82833133,93.74449339,204.1409692,44.40528634,94.36123348,107.3127753,179.4713656,168.9867841,177.6211454,117.7973568,202.2907489,70.30837004,66.60792952,131.9823789,146.784141,203.5242291,175.7709251,94.97797357,179.4713656,220.1762115,163.4361233,153.5682819,60.44052863,432.3348018
143.7004405,210.30837,112.246696,132.5991189,111.6299559,177.0044053,228.8105727,200.4405286,139.3832599,208.4581498,170.8370044,188.722467,180.0881057,85.83433373,102.3788546,215.2422907,56.74008811,109.1629956,120.2643172,190.5726872,176.3876652,188.1057269,130.7488987,212.1585903,94.36123348,80.17621145,142.4669604,164.6696035,214.0088106,184.4052863,194.8898678,194.2731278,228.8105727,177.0044053,159.1189427,90.04405286,134.4493392
157.2687225,222.6431718,122.7312775,145.5506608,121.4977974,188.1057269,238.6784141,202.907489,147.4008811,223.2599119,178.8546256,201.6740088,186.8722467,97.83913565,115.3303965,225.1101322,71.54185022,123.9647577,131.9823789,200.4405286,184.4052863,197.9735683,145.5506608,226.9603524,97.44493392,94.36123348,154.185022,182.5550661,225.7268722,192.4229075,197.3568282,207.8414097,237.4449339,189.9559471,162.2026432,131.3656388,146.784141
172.0704846,234.9779736,131.9823789,162.2026432,131.3656388,203.5242291,249.7797357,206.6079295,154.8017621,233.1277533,189.339207,213.3920705,192.4229075,112.244898,121.4977974,232.5110132,90.66079295,137.5330396,142.4669604,209.69163,193.6563877,207.8414097,159.7356828,239.9118943,115.9471366,107.3127753,164.6696035,201.0572687,237.4449339,199.8237885,199.8237885,219.5594714,245.4625551,200.4405286,166.5198238,140,159.1189427
183.7885463,246.6960352,141.2334802,178.2378855,138.1497797,214.0088106,262.7312775,210.9251101,162.8193833,244.2290749,199.8237885,223.2599119,200.4405286,129.6518607,128.2819383,240.5286344,101.7621145,151.1013216,154.185022,217.092511,201.6740088,215.2422907,172.6872247,252.246696,121.4977974,115.3303965,175.7709251,214.0088106,252.246696,206.6079295,201.6740088,403.3480176,253.4801762,210.30837,172.6872247,155.4185022,414.4493392
193.6563877,257.1806167,151.7180617,193.0396476,145.5506608,225.7268722,275.6828194,215.2422907,175.154185,257.7973568,211.5418502,232.5110132,206.6079295,141.0564226,138.1497797,248.5462555,117.1806167,165.9030837,164.6696035,224.4933921,207.8414097,224.4933921,183.7885463,263.3480176,127.0484581,124.5814978,186.2555066,227.5770925,262.1145374,214.0088106,205.3744493,403.3480176,260.8810573,218.3259912,181.3215859,168.3700441,413.8325991
205.9911894,267.0484581,161.5859031,208.4581498,156.6519824,234.9779736,288.0176211,220.7929515,185.0220264,270.1321586,223.876652,244.845815,216.4757709,152.4609844,156.0352423,255.9471366,133.8325991,181.938326,175.154185,231.277533,216.4757709,231.8942731,194.2731278,274.4493392,132.5991189,138.7665198,196.7400881,239.9118943,273.215859,225.7268722,205.9911894,399.6475771,268.8986784,225.7268722,189.9559471,180.0881057,193.0396476
217.7092511,276.2995595,172.0704846,222.6431718,170.8370044,242.3788546,297.8854626,228.1938326,194.2731278,283.0837004,232.5110132,255.3303965,224.4933921,165.0660264,171.4537445,261.4977974,145.5506608,199.2070485,182.5550661,237.4449339,224.4933921,239.9118943,203.5242291,284.3171806,141.8502203,152.9515419,205.9911894,249.7797357,286.1674009,238.6784141,211.5418502,398.4140969,276.9162996,231.8942731,204.1409692,191.1894273,201.0572687
230.0440529,283.0837004,182.5550661,235.5947137,185.0220264,251.0132159,307.1365639,233.7444934,202.2907489,293.5682819,244.845815,265.814978,232.5110132,385.9543818,183.7885463,266.4317181,158.5022026,215.8590308,191.1894273,243.6123348,238.6784141,251.6299559,211.5418502,295.4185022,149.8678414,162.2026432,214.6255507,259.6475771,294.8017621,251.0132159,212.7753304,397.1806167,288.0176211,239.2951542,210.30837,201.6740088,208.4581498
242.9955947,291.7180617,193.0396476,251.0132159,201.0572687,259.030837,317.0044053,238.6784141,209.0748899,307.753304,255.9471366,276.2995595,240.5286344,385.9543818,197.9735683,276.9162996,170.2202643,231.277533,198.5903084,250.3964758,247.9295154,262.7312775,218.9427313,306.5198238,158.5022026,171.4537445,222.6431718,268.2819383,307.1365639,262.7312775,217.092511,278.1497797,297.8854626,247.3127753,224.4933921,212.7753304,216.4757709
254.0969163,301.5859031,201.6740088,265.814978,215.2422907,268.2819383,328.1057269,242.9955947,216.4757709,318.2378855,265.814978,286.1674009,248.5462555,385.9543818,210.9251101,284.3171806,177.0044053,246.6960352,208.4581498,259.6475771,258.4140969,273.215859,228.1938326,317.0044053,165.9030837,180.0881057,230.660793,278.1497797,318.2378855,273.8325991,220.1762115,287.4008811,307.1365639,254.0969163,237.4449339,226.9603524,223.2599119
264.5814978,315.154185,214.6255507,280.6167401,228.1938326,275.6828194,341.0572687,247.9295154,222.6431718,329.9559471,276.9162996,297.2687225,255.9471366,385.9543818,224.4933921,293.5682819,184.4052863,261.4977974,223.876652,268.2819383,269.5154185,282.4669604,235.5947137,327.4889868,173.3039648,186.8722467,238.6784141,291.1013216,328.1057269,283.7004405,224.4933921,296.0352423,314.5374449,262.1145374,249.1629956,239.9118943,229.4273128
273.8325991,325.6387665,230.660793,293.5682819,238.6784141,284.3171806,351.5418502,253.4801762,230.660793,344.7577093,288.0176211,306.5198238,263.9647577,386.5546218,235.5947137,301.5859031,193.0396476,274.4493392,238.061674,278.1497797,282.4669604,291.7180617,241.1453744,336.123348,184.4052863,192.4229075,244.845815,300.969163,337.3568282,294.8017621,226.3436123,306.5198238,324.4052863,270.7488987,259.6475771,251.6299559,237.4449339
281.8502203,337.3568282,246.0792952,307.1365639,249.7797357,294.8017621,363.876652,263.9647577,238.061674,355.2422907,297.2687225,316.3876652,271.9823789,385.9543818,246.6960352,308.9867841,200.4405286,288.6343612,250.3964758,289.2511013,293.5682819,300.3524229,251.0132159,344.1409692,197.3568282,201.0572687,251.0132159,314.5374449,345.3744493,305.9030837,232.5110132,318.2378855,333.0396476,282.4669604,270.1321586,262.7312775,249.7797357
290.4845815,349.69163,260.8810573,320.7048458,258.4140969,303.4361233,379.2951542,273.8325991,244.845815,365.1101322,308.3700441,326.8722467,278.7665198,386.5546218,255.9471366,317.6211454,207.2246696,300.969163,262.1145374,300.3524229,307.753304,309.6035242,260.8810573,351.5418502,209.69163,209.69163,258.4140969,325.6387665,353.3920705,315.7709251,239.2951542,330.5726872,341.6740088,293.5682819,280.6167401,272.5991189,262.1145374
297.8854626,362.0264317,276.9162996,333.6563877,267.6651982,312.6872247,390.3964758,283.7004405,255.9471366,372.5110132,317.6211454,337.9735683,286.784141,385.9543818,268.8986784,326.8722467,214.0088106,311.4537445,273.8325991,310.2202643,317.6211454,319.4713656,273.215859,360.7929515,222.0264317,218.9427313,266.4317181,337.9735683,364.4933921,326.2555066,245.4625551,339.2070485,350.30837,303.4361233,293.5682819,280.6167401,274.4493392
305.2863436,374.9779736,290.4845815,348.4581498,278.7665198,321.938326,402.7312775,294.185022,264.5814978,378.6784141,326.2555066,347.8414097,294.8017621,385.9543818,279.3832599,336.7400881,223.2599119,321.938326,284.9339207,320.7048458,331.8061674,328.1057269,286.1674009,368.8105727,233.7444934,228.8105727,274.4493392,349.0748899,374.9779736,337.3568282,251.6299559,348.4581498,357.092511,315.7709251,299.1189427,288.6343612,286.784141
312.0704846,387.3127753,303.4361233,360.7929515,291.1013216,329.9559471,415.6828194,306.5198238,276.9162996,383.6123348,338.5903084,357.7092511,305.9030837,385.9543818,289.8678414,348.4581498,233.1277533,341.0572687,295.4185022,332.4229075,345.3744493,336.123348,299.7356828,376.8281938,245.4625551,239.2951542,283.0837004,360.1762115,381.7621145,347.8414097,258.4140969,356.4757709,363.876652,327.4889868,310.8370044,295.4185022,297.2687225
318.8546256,399.030837,315.7709251,376.8281938,303.4361233,341.6740088,426.1674009,319.4713656,289.8678414,387.9295154,345.9911894,366.9603524,314.5374449,385.9543818,302.2026432,358.3259912,243.6123348,351.5418502,308.3700441,342.2907489,358.3259912,342.907489,313.3039648,387.9295154,258.4140969,249.7797357,291.1013216,373.1277533,387.9295154,358.3259912,265.814978,363.876652,370.660793,337.9735683,423.0837004,302.2026432,308.3700441
325.6387665,413.215859,328.722467,389.1629956,316.3876652,350.30837,438.5022026,332.4229075,303.4361233,391.0132159,355.2422907,374.9779736,323.1718062,385.9543818,313.9207048,367.5770925,255.3303965,363.876652,321.3215859,350.30837,372.5110132,350.30837,326.8722467,397.1806167,270.1321586,260.2643172,299.7356828,384.845815,394.7136564,367.5770925,273.215859,371.8942731,375.5947137,348.4581498,421.8502203,308.9867841,320.0881057
332.4229075,423.7004405,341.6740088,402.7312775,329.339207,356.4757709,450.2202643,342.2907489,315.7709251,394.7136564,365.7268722,381.7621145,332.4229075,385.9543818,325.6387665,374.9779736,267.6651982,375.5947137,334.2731278,358.9427313,384.2290749,358.3259912,342.2907489,408.8986784,282.4669604,271.3656388,308.3700441,397.1806167,405.1982379,376.2114537,283.0837004,379.2951542,380.5286344,356.4757709,345.3744493,317.0044053,426.1674009
339.8237885,434.8017621,353.3920705,413.8325991,342.2907489,366.9603524,458.8546256,352.1585903,328.1057269,403.3480176,370.0440529,387.3127753,341.6740088,334.9339736,336.123348,382.3788546,279.3832599,387.3127753,347.2246696,367.5770925,396.5638767,365.1101322,357.092511,416.9162996,294.185022,283.7004405,315.7709251,405.1982379,416.2995595,384.845815,293.5682819,385.4625551,386.0792952,365.1101322,354.6255507,326.2555066,428.0176211
347.8414097,445.9030837,368.1938326,426.784141,355.8590308,374.3612335,467.4889868,363.876652,341.6740088,405.814978,373.1277533,391.6299559,349.0748899,345.7382953,345.3744493,392.8634361,291.7180617,398.4140969,357.7092511,377.4449339,409.5154185,370.0440529,370.660793,425.5506608,307.753304,296.0352423,323.7885463,412.5991189,422.4669604,390.3964758,303.4361233,391.0132159,387.9295154,373.7444934,362.6431718,334.8898678,356.4757709
353.3920705,457.0044053,378.6784141,439.1189427,369.4273128,381.1453744,474.8898678,375.5947137,352.7753304,407.6651982,376.2114537,394.7136564,357.092511,355.3421369,355.8590308,400.8810573,304.0528634,410.7488987,366.9603524,388.5462555,419.3832599,378.061674,382.3788546,433.5682819,320.0881057,308.3700441,331.1894273,428.0176211,427.4008811,394.7136564,314.5374449,393.4801762,392.246696,381.7621145,370.0440529,342.907489,403.3480176
361.4096916,466.8722467,394.0969163,450.2202643,382.3788546,387.9295154,485.3744493,384.845815,363.876652,408.2819383,379.9118943,397.1806167,366.3436123,363.7454982,367.5770925,407.6651982,315.7709251,421.8502203,374.3612335,398.4140969,429.2511013,384.845815,395.3303965,439.1189427,333.0396476,321.3215859,339.2070485,436.0352423,432.9515419,398.4140969,325.0220264,395.3303965,394.7136564,389.1629956,375.5947137,351.5418502,377.4449339
379.9118943,479.2070485,408.8986784,460.0881057,395.3303965,395.3303965,493.3920705,395.3303965,374.3612335,410.1321586,382.9955947,398.4140969,373.1277533,372.1488595,379.2951542,415.0660793,328.1057269,434.185022,382.3788546,408.8986784,439.1189427,391.0132159,406.4317181,444.6696035,345.9911894,336.7400881,346.6079295,441.5859031,437.2687225,403.3480176,334.2731278,397.1806167,398.4140969,394.7136564,380.5286344,362.0264317,386.0792952
388.5462555,490.30837,421.8502203,468.722467,407.0484581,402.1145374,503.2599119,400.8810573,384.2290749,410.7488987,386.0792952,399.6475771,378.6784141,375.15006,391.6299559,421.2334802,340.4405286,449.6035242,391.6299559,421.8502203,449.6035242,399.6475771,416.2995595,453.9207048,359.5594714,348.4581498,355.8590308,446.5198238,440.3524229,408.8986784,342.2907489,398.4140969,402.1145374,398.4140969,385.4625551,371.8942731,392.246696
399.030837,501.4096916,434.8017621,477.9735683,416.9162996,408.8986784,513.1277533,406.4317181,392.246696,410.7488987,388.5462555,400.2643172,381.7621145,377.5510204,403.3480176,427.4008811,353.3920705,458.2378855,401.4977974,432.9515419,459.4713656,405.814978,426.1674009,460.0881057,372.5110132,362.6431718,371.277533,452.0704846,441.5859031,415.0660793,352.7753304,400.2643172,404.5814978,401.4977974,389.7797357,379.2951542,395.9471366
407.6651982,511.277533,445.2863436,487.2246696,426.784141,415.6828194,525.4625551,418.1497797,400.8810573,410.7488987,390.3964758,401.4977974,384.845815,379.3517407,415.0660793,433.5682819,364.4933921,469.339207,410.1321586,444.0528634,470.5726872,413.215859,434.8017621,468.722467,384.845815,374.9779736,380.5286344,457.6211454,444.0528634,420.6167401,362.0264317,402.7312775,411.9823789,403.9647577,393.4801762,386.0792952,397.7973568
416.2995595,521.1453744,454.5374449,497.092511,436.6519824,423.0837004,535.3303965,426.1674009,408.2819383,412.5991189,392.8634361,401.4977974,386.6960352,380.5522209,424.9339207,441.5859031,376.2114537,477.9735683,416.9162996,453.3039648,480.4405286,420,447.1365639,477.3568282,396.5638767,386.6960352,391.0132159,461.3215859,445.2863436,424.9339207,370.0440529,407.6651982,421.8502203,405.814978,395.3303965,391.6299559,399.6475771
424.9339207,530.3964758,463.1718062,506.3436123,446.5198238,430.4845815,543.3480176,432.9515419,413.8325991,415.6828194,393.4801762,402.1145374,389.1629956,381.152461,436.0352423,448.9867841,386.6960352,488.4581498,423.7004405,464.4052863,490.9251101,426.1674009,458.8546256,485.9911894,405.814978,395.3303965,400.8810573,466.2555066,457.6211454,429.2511013,377.4449339,411.3656388,432.3348018,408.8986784,397.1806167,393.4801762,400.8810573
434.185022,540.2643172,471.1894273,514.9779736,457.0044053,438.5022026,553.215859,439.7356828,420,418.7665198,397.1806167,403.9647577,391.0132159,382.3529412,445.9030837,455.7709251,398.4140969,499.5594714,432.3348018,475.5066079,501.4096916,433.5682819,472.4229075,494.6255507,418.1497797,406.4317181,408.8986784,470.5726872,462.5550661,434.185022,381.7621145,415.6828194,440.969163,415.0660793,398.4140969,395.9471366,403.3480176
444.6696035,550.1321586,483.5242291,521.7621145,465.6387665,444.6696035,561.8502203,445.9030837,425.5506608,422.4669604,402.7312775,405.814978,392.246696,383.5534214,455.7709251,463.1718062,408.8986784,511.8942731,440.3524229,485.9911894,512.5110132,441.5859031,484.7577093,503.876652,429.2511013,418.1497797,415.0660793,476.123348,466.2555066,439.1189427,386.0792952,420.6167401,446.5198238,421.8502203,399.030837,397.1806167,404.5814978
454.5374449,559.3832599,492.1585903,531.0132159,476.123348,453.3039648,571.7180617,452.0704846,431.1013216,427.4008811,406.4317181,408.2819383,393.4801762,384.1536615,466.8722467,471.1894273,418.1497797,522.9955947,445.2863436,496.4757709,522.9955947,448.9867841,494.0088106,513.7444934,439.7356828,426.1674009,429.8678414,481.6740088,469.9559471,443.4361233,393.4801762,426.784141,451.4537445,429.8678414,400.2643172,399.6475771,405.1982379
463.7885463,568.6343612,500.1762115,539.030837,487.2246696,461.3215859,581.5859031,458.2378855,436.0352423,432.9515419,409.5154185,415.6828194,394.7136564,385.9543818,477.9735683,482.907489,430.4845815,533.4801762,445.9030837,508.8105727,534.0969163,457.0044053,506.3436123,522.9955947,448.9867841,434.8017621,439.1189427,487.8414097,474.2731278,448.3700441,396.5638767,432.9515419,455.154185,438.5022026,400.8810573,401.4977974,406.4317181
473.6563877,579.7356828,508.8105727,546.4317181,497.092511,468.1057269,592.0704846,464.4052863,463.7885463,437.8854626,413.215859,418.7665198,395.9471366,385.9543818,488.4581498,495.8590308,439.7356828,543.9647577,467.4889868,520.5286344,543.9647577,465.6387665,516.2114537,532.8634361,457.0044053,444.0528634,449.6035242,494.6255507,477.9735683,452.6872247,402.1145374,437.2687225,457.0044053,444.6696035,401.4977974,403.3480176,417.5330396
482.2907489,590.2202643,518.061674,555.0660793,506.9603524,476.123348,603.7885463,470.5726872,468.722467,444.0528634,417.5330396,421.8502203,397.7973568,385.9543818,498.9427313,509.4273128,448.9867841,553.215859,477.9735683,532.246696,553.8325991,473.6563877,526.6960352,541.4977974,466.2555066,445.9030837,458.8546256,500.1762115,482.2907489,457.0044053,411.3656388,440.969163,458.2378855,448.3700441,402.7312775,404.5814978,424.3171806
493.3920705,601.3215859,527.3127753,560.6167401,515.5947137,482.907489,616.7400881,477.9735683,473.6563877,449.6035242,421.2334802,426.784141,402.7312775,385.3541417,507.5770925,519.9118943,457.0044053,563.0837004,493.3920705,543.3480176,563.0837004,481.6740088,539.030837,552.5991189,475.5066079,446.5198238,468.1057269,507.5770925,486.6079295,461.3215859,420,443.4361233,458.2378855,453.3039648,403.9647577,406.4317181,428.6343612
503.876652,611.8061674,537.1806167,567.4008811,523.6123348,490.9251101,624.7577093,484.7577093,479.2070485,457.6211454,424.9339207,431.7180617,407.6651982,385.3541417,517.4449339,534.0969163,465.6387665,572.3348018,500.7929515,553.8325991,576.0352423,489.0748899,548.8986784,561.8502203,483.5242291,464.4052863,476.123348,514.9779736,490.30837,464.4052863,428.6343612,444.0528634,457.0044053,458.2378855,422.4669604,407.6651982,431.1013216
512.5110132,621.0572687,543.3480176,578.5022026,532.246696,498.3259912,635.2422907,492.1585903,485.3744493,467.4889868,429.2511013,435.4185022,412.5991189,385.3541417,528.5462555,547.0484581,475.5066079,582.2026432,513.1277533,563.7004405,587.753304,495.2422907,559.3832599,568.6343612,493.3920705,471.1894273,484.7577093,520.5286344,493.3920705,468.1057269,436.0352423,447.1365639,458.2378855,461.938326,424.3171806,408.8986784,431.7180617
521.1453744,629.69163,550.1321586,586.5198238,542.1145374,505.7268722,642.6431718,498.3259912,488.4581498,474.2731278,432.9515419,439.1189427,417.5330396,385.9543818,540.2643172,556.9162996,486.6079295,592.6872247,522.9955947,572.9515419,597.6211454,501.4096916,569.2511013,581.5859031,502.6431718,477.9735683,492.1585903,525.4625551,498.3259912,471.8061674,444.0528634,447.1365639,460.0881057,465.6387665,413.215859,410.7488987,431.7180617
531.0132159,638.3259912,556.9162996,595.154185,551.9823789,514.9779736,651.277533,503.876652,494.6255507,477.9735683,436.6519824,441.5859031,421.2334802,385.3541417,549.5154185,566.784141,495.2422907,601.938326,531.0132159,580.969163,606.2555066,506.9603524,584.6696035,589.6035242,513.1277533,484.7577093,498.9427313,528.5462555,502.0264317,474.8898678,452.0704846,447.1365639,461.3215859,466.2555066,424.9339207,414.4493392,431.7180617
540.8810573,646.3436123,564.3171806,603.7885463,560.6167401,521.7621145,659.2951542,508.8105727,499.5594714,481.0572687,439.1189427,442.8193833,426.1674009,385.3541417,561.2334802,577.2687225,504.4933921,613.6563877,538.4140969,590.2202643,616.123348,513.1277533,593.9207048,597.6211454,523.6123348,491.5418502,504.4933921,532.246696,505.7268722,477.9735683,459.4713656,447.1365639,463.1718062,467.4889868,430.4845815,416.2995595,431.7180617
550.1321586,654.9779736,572.9515419,611.1894273,569.2511013,526.6960352,667.3127753,513.7444934,506.3436123,484.1409692,441.5859031,442.8193833,430.4845815,385.3541417,572.3348018,585.2863436,516.2114537,624.1409692,549.5154185,599.4713656,624.1409692,521.1453744,603.7885463,605.6387665,534.0969163,498.3259912,509.4273128,535.3303965,508.8105727,480.4405286,465.0220264,447.1365639,465.0220264,466.8722467,431.7180617,419.3832599,431.7180617
558.1497797,662.9955947,579.1189427,616.7400881,579.1189427,534.0969163,673.4801762,518.6784141,508.8105727,485.3744493,442.2026432,443.4361233,433.5682819,386.5546218,582.8193833,593.9207048,527.3127753,634.0088106,555.0660793,608.1057269,632.7753304,528.5462555,613.6563877,613.6563877,542.1145374,503.2599119,513.7444934,537.1806167,513.1277533,483.5242291,469.9559471,447.1365639,466.8722467,468.722467,436.0352423,423.7004405,434.8017621
566.1674009,671.6299559,585.9030837,623.5242291,589.6035242,543.3480176,680.8810573,523.6123348,509.4273128,489.0748899,443.4361233,444.0528634,435.4185022,387.755102,593.3039648,608.1057269,535.9471366,643.876652,563.7004405,616.123348,640.1762115,537.1806167,625.3744493,621.0572687,555.0660793,508.8105727,518.061674,539.030837,517.4449339,485.9911894,473.0396476,447.1365639,469.339207,470.5726872,438.5022026,426.784141,437.8854626
574.8017621,679.6475771,592.6872247,628.4581498,597.6211454,551.3656388,688.2819383,532.8634361,504.4933921,495.8590308,445.2863436,445.2863436,437.2687225,388.9555822,602.5550661,621.0572687,545.1982379,656.2114537,572.3348018,625.9911894,650.0440529,545.814978,634.0088106,627.8414097,564.3171806,513.1277533,519.9118943,541.4977974,522.3788546,489.0748899,477.9735683,447.1365639,471.8061674,476.123348,440.3524229,431.1013216,439.7356828
582.8193833,687.6651982,600.0881057,635.2422907,607.4889868,559.3832599,696.2995595,539.6475771,508.8105727,497.092511,446.5198238,446.5198238,437.8854626,390.7563025,609.339207,633.3920705,554.4493392,666.6960352,577.8854626,635.8590308,659.2951542,553.8325991,642.6431718,635.2422907,573.5682819,517.4449339,520.5286344,543.9647577,527.3127753,491.5418502,482.2907489,447.1365639,474.8898678,474.8898678,440.3524229,436.6519824,441.5859031
589.6035242,698.1497797,606.2555066,640.1762115,616.7400881,568.6343612,704.3171806,545.1982379,516.2114537,501.4096916,447.753304,447.1365639,439.1189427,403.9615846,617.9735683,646.3436123,563.7004405,674.0969163,584.6696035,646.3436123,668.5462555,561.8502203,651.277533,642.0264317,580.969163,521.7621145,522.9955947,547.0484581,532.246696,493.3920705,485.9911894,447.1365639,476.7400881,479.8237885,439.7356828,442.8193833,443.4361233
598.2378855,706.1674009,613.0396476,645.7268722,622.907489,576.6519824,711.7180617,550.1321586,525.4625551,507.5770925,448.3700441,447.753304,439.7356828,408.7635054,627.2246696,656.2114537,572.3348018,683.9647577,590.8370044,655.5947137,677.1806167,569.8678414,659.9118943,650.660793,587.753304,527.3127753,526.6960352,551.3656388,536.5638767,495.8590308,489.0748899,447.753304,479.2070485,482.2907489,439.7356828,448.3700441,445.2863436
605.0220264,715.4185022,618.5903084,651.8942731,628.4581498,584.6696035,720.3524229,560,534.7136564,514.9779736,450.8370044,447.1365639,441.5859031,414.1656663,636.4757709,666.6960352,580.3524229,693.215859,598.2378855,663.6123348,686.4317181,580.3524229,668.5462555,657.4449339,594.5374449,532.246696,528.5462555,556.2995595,543.3480176,498.9427313,490.9251101,460.7048458,481.0572687,484.7577093,439.7356828,452.0704846,446.5198238
613.6563877,723.4361233,624.7577093,658.6784141,637.7092511,592.0704846,727.1365639,568.6343612,542.7312775,526.0792952,453.3039648,447.1365639,442.8193833,417.7671068,645.7268722,677.1806167,587.753304,703.0837004,606.2555066,671.6299559,695.6828194,589.6035242,677.7973568,664.845815,601.938326,539.030837,537.7973568,561.2334802,550.1321586,501.4096916,494.0088106,463.1718062,482.2907489,488.4581498,442.2026432,455.154185,447.1365639
623.5242291,730.8370044,630.30837,665.4625551,643.876652,600.0881057,733.9207048,577.2687225,550.1321586,536.5638767,455.7709251,447.753304,444.6696035,420.7683073,654.3612335,687.0484581,594.5374449,712.3348018,613.6563877,679.030837,704.9339207,598.8546256,689.5154185,671.0132159,609.339207,547.6651982,542.7312775,568.0176211,556.2995595,504.4933921,497.7092511,465.6387665,483.5242291,491.5418502,443.4361233,458.8546256,447.1365639
632.1585903,737.6211454,636.4757709,674.7136564,654.3612335,608.722467,740.7048458,586.5198238,555.6828194,550.1321586,457.0044053,448.3700441,445.2863436,423.1692677,662.3788546,695.6828194,601.3215859,719.7356828,620.4405286,687.6651982,714.185022,607.4889868,701.2334802,677.1806167,618.5903084,555.0660793,550.7488987,572.9515419,563.0837004,509.4273128,502.0264317,468.722467,484.1409692,494.6255507,444.6696035,461.3215859,448.9867841
640.1762115,743.7885463,643.2599119,679.6475771,663.6123348,616.123348,748.1057269,595.7709251,560.6167401,559.3832599,461.938326,450.2202643,445.2863436,426.1704682,669.1629956,703.0837004,609.9559471,728.3700441,629.0748899,694.4493392,722.2026432,616.7400881,711.1013216,683.3480176,627.8414097,563.7004405,558.7665198,579.7356828,569.8678414,513.7444934,506.9603524,471.8061674,484.1409692,499.5594714,445.2863436,460.7048458,450.8370044
648.8105727,750.5726872,649.4273128,687.6651982,670.3964758,623.5242291,754.8898678,601.938326,565.5506608,569.8678414,466.2555066,453.3039648,445.2863436,427.9711885,677.1806167,712.3348018,618.5903084,737.0044053,637.7092511,708.6343612,730.2202643,625.3744493,720.3524229,693.8325991,637.092511,572.9515419,568.0176211,585.2863436,576.0352423,516.8281938,510.660793,476.123348,482.907489,502.0264317,444.6696035,465.0220264,452.0704846
656.8281938,757.3568282,657.4449339,693.8325991,677.1806167,632.1585903,761.0572687,608.1057269,571.1013216,576.6519824,467.4889868,455.7709251,443.4361233,429.1716687,685.814978,720.3524229,626.6079295,746.8722467,648.1938326,717.2687225,737.6211454,634.0088106,728.3700441,700,645.1101322,581.5859031,584.6696035,590.8370044,582.8193833,521.1453744,513.1277533,479.2070485,482.2907489,508.8105727,444.6696035,470.5726872,453.3039648
665.4625551,763.5242291,663.6123348,700,685.814978,638.9427313,770.30837,614.8898678,577.8854626,583.4361233,469.9559471,459.4713656,444.6696035,429.7719088,696.9162996,728.9867841,633.3920705,756.123348,656.8281938,724.6696035,745.0220264,642.6431718,736.3876652,705.5506608,653.1277533,590.2202643,592.0704846,597.0044053,588.3700441,524.845815,518.061674,481.0572687,482.2907489,508.8105727,448.3700441,473.0396476,455.154185
673.4801762,770.30837,667.3127753,706.784141,693.8325991,646.3436123,779.5594714,621.0572687,584.6696035,590.2202643,473.6563877,461.938326,446.5198238,428.5714286,706.1674009,737.0044053,640.1762115,764.1409692,664.845815,733.3039648,752.4229075,650.0440529,742.5550661,706.1674009,662.3788546,598.2378855,597.6211454,603.1718062,594.5374449,540.2643172,523.6123348,484.1409692,484.1409692,519.9118943,450.8370044,463.7885463,458.2378855
680.8810573,777.7092511,675.3303965,711.7180617,699.3832599,653.7444934,782.6431718,629.69163,591.4537445,596.3876652,477.9735683,463.7885463,448.3700441,427.3709484,713.5682819,744.4052863,646.9603524,772.7753304,673.4801762,740.7048458,759.8237885,658.061674,749.339207,712.3348018,671.0132159,606.8722467,603.1718062,608.722467,599.4713656,545.1982379,530.3964758,487.8414097,487.2246696,524.845815,452.6872247,466.8722467,461.938326
687.6651982,784.4933921,682.1145374,720.3524229,706.784141,662.9955947,788.8105727,634.6255507,601.3215859,601.3215859,482.907489,465.0220264,451.4537445,427.3709484,719.1189427,756.7400881,653.7444934,778.9427313,682.1145374,745.6387665,769.69163,664.845815,754.8898678,722.8193833,679.030837,614.2731278,608.1057269,614.2731278,604.4052863,549.5154185,535.3303965,494.0088106,490.30837,527.9295154,455.154185,471.1894273,464.4052863
693.8325991,790.0440529,687.0484581,725.9030837,712.9515419,669.7797357,794.9779736,638.3259912,609.339207,606.2555066,487.8414097,468.1057269,456.3876652,426.1704682,724.6696035,757.3568282,661.1453744,785.7268722,690.1321586,751.1894273,776.4757709,672.8634361,764.7577093,727.1365639,684.5814978,621.6740088,614.2731278,618.5903084,609.9559471,553.8325991,541.4977974,497.7092511,494.0088106,530.3964758,456.3876652,473.6563877,468.722467
700,795.5947137,690.7488987,730.2202643,719.1189427,675.3303965,797.4449339,642.0264317,616.7400881,610.5726872,491.5418502,470.5726872,458.2378855,425.5702281,729.6035242,764.1409692,669.1629956,792.5110132,698.7665198,756.123348,783.876652,680.8810573,772.7753304,731.4537445,692.5991189,628.4581498,615.5066079,622.2907489,614.8898678,558.7665198,547.0484581,504.4933921,500.1762115,532.246696,457.6211454,471.8061674,472.4229075
707.4008811,799.2951542,695.6828194,734.5374449,725.2863436,680.8810573,803.6123348,645.7268722,621.6740088,614.2731278,495.2422907,473.0396476,457.6211454,426.1704682,736.3876652,769.69163,674.7136564,799.2951542,706.784141,761.0572687,790.0440529,688.2819383,782.0264317,734.5374449,700.6167401,636.4757709,619.8237885,627.2246696,619.8237885,562.4669604,550.1321586,507.5770925,504.4933921,537.7973568,460.7048458,473.6563877,476.7400881
714.185022,804.2290749,701.8502203,741.3215859,732.0704846,687.0484581,806.0792952,651.277533,625.9911894,619.2070485,498.3259912,473.6563877,459.4713656,424.969988,744.4052863,782.6431718,683.9647577,806.0792952,714.185022,763.5242291,796.2114537,695.6828194,788.8105727,740.0881057,709.2511013,643.876652,622.907489,632.1585903,624.1409692,569.2511013,558.1497797,510.660793,507.5770925,541.4977974,461.3215859,476.7400881,480.4405286
721.5859031,809.7797357,707.4008811,743.1718062,738.2378855,693.215859,812.8634361,657.4449339,629.69163,624.7577093,502.6431718,474.8898678,460.7048458,423.7695078,749.9559471,788.8105727,691.3656388,814.7136564,720.3524229,778.3259912,801.1453744,703.0837004,793.7444934,745.6387665,716.6519824,651.277533,627.8414097,636.4757709,629.69163,574.185022,565.5506608,514.9779736,511.277533,547.0484581,462.5550661,473.6563877,482.907489
727.753304,815.9471366,712.9515419,749.9559471,743.1718062,700,817.7973568,662.9955947,633.3920705,630.9251101,510.0440529,477.3568282,461.3215859,423.7695078,754.2731278,794.9779736,698.1497797,822.7312775,726.5198238,785.1101322,807.3127753,713.5682819,798.6784141,752.4229075,724.6696035,658.061674,632.7753304,641.4096916,634.6255507,578.5022026,576.0352423,518.6784141,515.5947137,556.2995595,465.0220264,476.123348,484.7577093
735.154185,821.4977974,716.0352423,754.2731278,749.339207,706.1674009,820.2643172,671.0132159,638.3259912,637.092511,516.2114537,477.9735683,462.5550661,424.969988,766.6079295,804.2290749,704.3171806,828.8986784,732.0704846,792.5110132,812.8634361,721.5859031,802.9955947,757.9735683,730.8370044,663.6123348,638.9427313,646.3436123,640.1762115,584.6696035,579.1189427,522.9955947,520.5286344,560.6167401,466.2555066,503.876652,487.8414097
740.7048458,827.0484581,720.3524229,757.9735683,753.6563877,712.9515419,825.1982379,679.030837,643.876652,642.0264317,525.4625551,482.907489,463.1718062,426.1704682,772.1585903,813.4801762,711.1013216,837.5330396,737.0044053,800.5286344,819.6475771,729.6035242,807.9295154,761.6740088,736.3876652,668.5462555,645.1101322,653.1277533,645.7268722,590.2202643,580.969163,526.6960352,527.3127753,567.4008811,467.4889868,507.5770925,490.30837
746.8722467,832.5991189,725.2863436,761.6740088,757.3568282,720.3524229,828.2819383,685.814978,653.1277533,645.1101322,531.6299559,489.69163,464.4052863,428.5714286,772.7753304,818.4140969,716.6519824,843.0837004,749.339207,807.3127753,825.814978,737.0044053,812.8634361,767.8414097,741.3215859,672.8634361,651.8942731,659.9118943,650.660793,595.7709251,583.4361233,534.0969163,534.7136564,572.9515419,469.9559471,510.0440529,491.5418502
752.4229075,837.5330396,732.0704846,765.3744493,762.907489,727.1365639,830.1321586,691.9823789,659.2951542,648.1938326,539.030837,502.6431718,466.8722467,429.7719088,783.2599119,824.5814978,722.2026432,851.7180617,756.7400881,812.8634361,831.3656388,745.0220264,817.7973568,774.0088106,749.339207,678.4140969,658.6784141,664.2290749,655.5947137,601.938326,587.753304,539.030837,540.8810573,579.1189427,473.0396476,512.5110132,493.3920705
758.5903084,842.4669604,738.8546256,770.9251101,768.4581498,733.3039648,836.2995595,701.8502203,663.6123348,652.5110132,546.4317181,511.277533,470.5726872,429.7719088,788.1938326,830.7488987,727.753304,856.6519824,764.1409692,819.6475771,835.6828194,751.8061674,823.9647577,777.7092511,753.6563877,682.7312775,665.4625551,671.0132159,661.7621145,607.4889868,590.8370044,544.5814978,547.6651982,584.0528634,478.5903084,515.5947137,495.8590308
764.7577093,847.4008811,743.1718062,778.3259912,774.0088106,738.2378855,841.8502203,709.2511013,667.9295154,657.4449339,552.5991189,518.061674,472.4229075,429.7719088,794.3612335,838.7665198,733.3039648,861.5859031,771.5418502,826.4317181,844.3171806,758.5903084,829.5154185,783.2599119,757.9735683,688.2819383,672.246696,675.3303965,666.0792952,613.0396476,600.0881057,548.2819383,553.215859,587.753304,483.5242291,518.061674,505.1101322
771.5418502,852.9515419,746.8722467,783.2599119,779.5594714,743.1718062,845.5506608,716.0352423,674.0969163,662.3788546,558.7665198,524.845815,475.5066079,430.3721489,799.9118943,840.6167401,739.4713656,861.5859031,781.4096916,833.8325991,848.0176211,764.1409692,834.4493392,788.1938326,764.7577093,695.6828194,678.4140969,680.2643172,671.0132159,619.2070485,601.3215859,552.5991189,558.1497797,592.0704846,486.6079295,521.1453744,514.9779736
778.3259912,857.8854626,753.0396476,789.4273128,783.876652,748.1057269,845.5506608,725.9030837,679.6475771,666.6960352,566.1674009,534.7136564,493.3920705,431.5726291,805.4625551,847.4008811,746.8722467,861.5859031,788.8105727,840.6167401,852.9515419,769.69163,840,791.8942731,772.1585903,702.4669604,683.3480176,682.1145374,675.3303965,625.9911894,607.4889868,556.9162996,561.8502203,596.3876652,487.2246696,516.8281938,522.9955947
786.3436123,862.8193833,757.9735683,790.660793,790.660793,753.0396476,849.8678414,732.0704846,685.1982379,670.3964758,572.3348018,537.7973568,498.3259912,431.5726291,810.3964758,852.9515419,753.6563877,861.5859031,795.5947137,848.0176211,857.8854626,776.4757709,844.3171806,796.8281938,778.9427313,708.6343612,687.6651982,684.5814978,680.2643172,631.5418502,611.1894273,564.9339207,564.9339207,601.938326,487.8414097,517.4449339,530.3964758
792.5110132,865.2863436,764.1409692,796.8281938,795.5947137,759.8237885,856.6519824,737.6211454,691.3656388,674.7136564,578.5022026,542.1145374,503.2599119,432.7731092,817.1806167,856.6519824,759.8237885,861.5859031,801.1453744,852.9515419,859.7356828,783.2599119,849.8678414,799.9118943,784.4933921,714.8017621,692.5991189,687.6651982,685.1982379,637.092511,617.3568282,572.9515419,568.6343612,608.1057269,484.7577093,518.061674,537.1806167
798.6784141,865.2863436,768.4581498,799.9118943,801.1453744,764.7577093,857.2687225,743.1718062,696.2995595,678.4140969,584.6696035,546.4317181,508.1938326,431.5726291,823.3480176,862.8193833,766.6079295,861.5859031,805.4625551,857.2687225,859.7356828,786.9603524,854.8017621,804.845815,789.4273128,720.3524229,697.5330396,690.1321586,690.1321586,642.0264317,622.2907489,583.4361233,571.7180617,613.0396476,485.3744493,521.1453744,544.5814978
804.2290749,865.2863436,772.1585903,804.845815,803.6123348,769.69163,857.8854626,750.5726872,700.6167401,682.7312775,590.8370044,551.9823789,513.1277533,429.7719088,828.8986784,863.4361233,773.3920705,861.5859031,810.3964758,861.5859031,859.7356828,786.9603524,859.7356828,812.246696,796.2114537,725.9030837,703.0837004,693.8325991,694.4493392,646.9603524,625.9911894,590.2202643,576.0352423,616.123348,486.6079295,524.845815,552.5991189
809.7797357,865.2863436,777.092511,806.0792952,806.0792952,775.2422907,865.2863436,757.3568282,705.5506608,688.2819383,595.7709251,557.5330396,517.4449339,427.3709484,834.4493392,864.0528634,778.9427313,861.5859031,815.9471366,864.6696035,859.7356828,786.9603524,862.8193833,817.7973568,800.5286344,730.8370044,708.6343612,699.3832599,698.1497797,653.7444934,630.30837,595.154185,581.5859031,620.4405286,487.2246696,528.5462555,560
814.7136564,865.2863436,780.7929515,807.3127753,810.3964758,779.5594714,865.9030837,762.2907489,710.4845815,692.5991189,600.7048458,561.2334802,520.5286344,426.7707083,838.7665198,865.2863436,785.7268722,861.5859031,821.4977974,864.6696035,859.7356828,807.3127753,862.8193833,823.3480176,804.845815,735.154185,712.9515419,700,702.4669604,658.6784141,636.4757709,601.3215859,586.5198238,623.5242291,489.69163,532.8634361,566.784141
820.2643172,865.2863436,786.3436123,807.9295154,815.9471366,783.876652,866.5198238,766.6079295,714.185022,697.5330396,605.0220264,564.9339207,525.4625551,426.1704682,843.7004405,865.9030837,790.660793,861.5859031,827.0484581,864.6696035,859.7356828,812.246696,862.8193833,830.7488987,811.6299559,740.0881057,716.0352423,701.8502203,706.1674009,664.2290749,643.2599119,606.2555066,590.8370044,627.2246696,500.1762115,540.2643172,575.4185022
825.814978,865.2863436,790.0440529,812.246696,822.7312775,789.4273128,867.1365639,773.3920705,719.7356828,702.4669604,609.339207,569.2511013,529.7797357,444.7779112,849.8678414,881.938326,796.8281938,861.5859031,831.9823789,864.6696035,859.7356828,820.2643172,862.8193833,834.4493392,815.9471366,744.4052863,719.7356828,704.3171806,710.4845815,668.5462555,648.8105727,610.5726872,596.3876652,630.30837,508.1938326,545.814978,582.2026432
831.3656388,865.2863436,794.3612335,814.7136564,825.1982379,793.1277533,,779.5594714,724.0528634,706.1674009,613.0396476,573.5682819,536.5638767,444.7779112,854.8017621,885.0220264,802.3788546,,839.3832599,,,822.1145374,862.8193833,834.4493392,822.1145374,749.339207,721.5859031,707.4008811,713.5682819,673.4801762,656.2114537,614.8898678,602.5550661,634.0088106,513.7444934,553.215859,588.3700441
836.9162996,865.2863436,797.4449339,815.9471366,831.3656388,797.4449339,,783.876652,728.9867841,711.1013216,616.7400881,577.2687225,540.2643172,424.3697479,856.6519824,883.7885463,807.3127753,,846.1674009,,,832.5991189,862.8193833,834.4493392,826.4317181,755.5066079,724.0528634,711.7180617,716.6519824,678.4140969,662.9955947,621.0572687,609.9559471,637.092511,518.6784141,560,594.5374449
841.8502203,865.2863436,801.1453744,815.3303965,835.0660793,801.1453744,,788.8105727,735.154185,716.6519824,621.6740088,582.8193833,542.1145374,454.9819928,856.6519824,885.0220264,812.8634361,,853.5682819,,,838.1497797,862.8193833,834.4493392,831.3656388,759.8237885,728.9867841,714.185022,720.3524229,683.9647577,669.7797357,625.9911894,614.2731278,642.6431718,524.845815,566.1674009,600.7048458
846.784141,865.2863436,804.2290749,814.7136564,840,805.4625551,,794.3612335,739.4713656,722.2026432,627.2246696,587.1365639,549.5154185,457.9831933,856.6519824,888.1057269,817.7973568,,860.969163,,,844.3171806,862.8193833,834.4493392,835.6828194,762.907489,732.6872247,717.8854626,725.2863436,689.5154185,675.3303965,630.9251101,619.2070485,647.5770925,527.3127753,572.3348018,604.4052863
851.1013216,865.2863436,807.9295154,815.9471366,843.7004405,809.7797357,,801.1453744,743.7885463,727.1365639,632.1585903,598.8546256,551.3656388,457.9831933,856.6519824,894.8898678,822.1145374,,867.1365639,,,851.1013216,862.8193833,834.4493392,835.6828194,764.7577093,736.3876652,722.2026432,729.6035242,695.0660793,680.2643172,635.8590308,622.907489,653.7444934,530.3964758,578.5022026,608.1057269
856.0352423,865.2863436,813.4801762,817.7973568,848.6343612,814.7136564,,806.0792952,748.722467,731.4537445,637.7092511,601.938326,553.215859,459.1836735,856.6519824,900.4405286,827.0484581,,870.8370044,,,855.4185022,862.8193833,834.4493392,835.6828194,767.2246696,740.0881057,725.9030837,734.5374449,700,686.4317181,640.1762115,627.8414097,659.9118943,536.5638767,583.4361233,613.6563877
856.6519824,865.2863436,820.2643172,820.2643172,852.3348018,821.4977974,,811.6299559,752.4229075,735.7709251,644.4933921,606.8722467,555.0660793,465.1860744,856.6519824,903.5242291,831.3656388,,870.8370044,,,860.3524229,862.8193833,834.4493392,835.6828194,772.7753304,743.7885463,730.2202643,738.2378855,704.9339207,691.9823789,643.876652,632.1585903,664.845815,540.8810573,588.3700441,617.3568282
856.6519824,865.2863436,823.9647577,819.030837,852.3348018,829.5154185,,815.3303965,757.9735683,740.0881057,648.8105727,611.1894273,556.9162996,467.5870348,856.6519824,903.5242291,835.6828194,,870.8370044,,,862.2026432,862.8193833,834.4493392,835.6828194,775.2422907,748.722467,733.3039648,743.1718062,709.2511013,696.9162996,648.1938326,637.092511,668.5462555,544.5814978,592.6872247,621.0572687
856.6519824,865.2863436,827.0484581,820.2643172,852.3348018,830.7488987,,820.8810573,764.7577093,741.938326,654.9779736,613.6563877,559.3832599,470.5882353,856.6519824,903.5242291,839.3832599,,870.8370044,,,862.2026432,862.8193833,834.4493392,835.6828194,780.1762115,753.0396476,738.8546256,747.4889868,714.8017621,702.4669604,651.8942731,641.4096916,674.0969163,548.8986784,597.0044053,624.1409692
856.6519824,865.2863436,830.7488987,823.3480176,852.3348018,837.5330396,,825.1982379,768.4581498,745.6387665,659.9118943,616.7400881,564.3171806,472.9891957,856.6519824,903.5242291,843.0837004,,870.8370044,,,862.2026432,862.8193833,834.4493392,835.6828194,783.2599119,759.8237885,742.5550661,753.6563877,720.3524229,708.6343612,654.9779736,645.7268722,678.4140969,553.215859,600.7048458,626.6079295
856.6519824,,833.8325991,825.1982379,852.3348018,838.1497797,,833.215859,773.3920705,750.5726872,662.9955947,620.4405286,568.6343612,477.1908764,,,848.0176211,,,,,,,,835.6828194,785.7268722,764.7577093,746.2555066,756.7400881,724.0528634,719.7356828,659.2951542,649.4273128,680.8810573,557.5330396,604.4052863,632.1585903
856.6519824,,839.3832599,831.9823789,852.3348018,843.7004405,,838.1497797,777.7092511,753.0396476,666.6960352,623.5242291,571.7180617,468.787515,,,852.9515419,,,,,,,,835.6828194,791.277533,769.0748899,747.4889868,761.6740088,727.753304,722.2026432,663.6123348,653.7444934,683.9647577,560.6167401,608.1057269,633.3920705
856.6519824,,843.0837004,836.9162996,852.3348018,843.7004405,,842.4669604,782.6431718,756.7400881,671.0132159,627.2246696,574.185022,466.9867947,,,856.6519824,,,,,,,,835.6828194,794.9779736,772.1585903,750.5726872,764.1409692,731.4537445,728.3700441,667.3127753,656.2114537,687.0484581,563.7004405,611.8061674,636.4757709
856.6519824,,843.0837004,841.8502203,852.3348018,845.5506608,,844.9339207,784.4933921,759.8237885,674.7136564,630.30837,576.6519824,464.5858343,,,861.5859031,,,,,,,,835.6828194,799.9118943,774.0088106,756.7400881,769.0748899,735.7709251,735.154185,670.3964758,658.061674,691.3656388,566.784141,615.5066079,640.7929515
856.6519824,,843.0837004,844.9339207,852.3348018,848.6343612,,844.9339207,790.0440529,764.7577093,679.6475771,634.6255507,579.1189427,463.9855942,,,862.2026432,,,,,,,,835.6828194,804.2290749,774.0088106,760.4405286,774.0088106,740.0881057,740.7048458,672.246696,660.5286344,696.2995595,570.4845815,618.5903084,645.1101322
856.6519824,,843.0837004,849.8678414,852.3348018,851.7180617,,844.9339207,793.7444934,766.6079295,685.1982379,640.1762115,582.8193833,445.3781513,,,862.2026432,,,,,,,,835.6828194,806.0792952,774.0088106,763.5242291,777.7092511,744.4052863,749.9559471,673.4801762,667.3127753,701.2334802,573.5682819,622.2907489,648.1938326
856.6519824,,843.0837004,857.2687225,852.3348018,857.8854626,,844.9339207,795.5947137,770.30837,689.5154185,645.1101322,585.9030837,444.7779112,,,862.2026432,,,,,,,,835.6828194,807.9295154,774.0088106,765.3744493,781.4096916,748.722467,756.7400881,674.0969163,668.5462555,705.5506608,578.5022026,625.3744493,650.0440529
856.6519824,,843.0837004,860.3524229,852.3348018,859.1189427,,844.9339207,799.9118943,772.7753304,693.215859,648.8105727,590.8370044,444.1776711,,,862.2026432,,,,,,,,835.6828194,810.3964758,774.0088106,770.30837,782.6431718,751.8061674,759.8237885,672.8634361,672.8634361,706.784141,582.2026432,630.30837,654.3612335
856.6519824,,843.0837004,862.2026432,852.3348018,861.5859031,,844.9339207,805.4625551,775.2422907,696.9162996,650.0440529,595.7709251,444.7779112,,,862.2026432,,,,,,,,835.6828194,814.0969163,791.8942731,773.3920705,786.3436123,754.2731278,766.6079295,673.4801762,675.9471366,708.6343612,586.5198238,634.0088106,658.061674
856.6519824,,843.0837004,863.4361233,852.3348018,865.2863436,,844.9339207,811.0132159,778.3259912,699.3832599,653.1277533,598.8546256,444.7779112,,,862.2026432,,,,,,,,835.6828194,815.3303965,795.5947137,775.2422907,789.4273128,754.8898678,771.5418502,679.030837,678.4140969,711.1013216,590.8370044,637.092511,661.1453744
,,843.0837004,,,,,844.9339207,814.0969163,781.4096916,703.0837004,653.7444934,603.1718062,444.7779112,,,,,,,,,,,,819.6475771,798.6784141,777.7092511,793.1277533,755.5066079,775.2422907,682.7312775,684.5814978,711.7180617,593.3039648,640.1762115,664.845815
,,843.0837004,,,,,844.9339207,817.1806167,784.4933921,706.1674009,655.5947137,606.2555066,430.972389,,,,,,,,,,,,820.8810573,801.7621145,782.6431718,794.9779736,755.5066079,778.9427313,685.1982379,686.4317181,715.4185022,596.3876652,643.2599119,666.6960352
,,843.0837004,,,,,844.9339207,820.2643172,788.8105727,709.2511013,656.8281938,609.9559471,430.972389,,,,,,,,,,,,828.2819383,803.6123348,786.9603524,799.9118943,755.5066079,783.876652,687.0484581,689.5154185,719.7356828,598.2378855,645.7268722,667.9295154
,,843.0837004,,,,,844.9339207,822.7312775,792.5110132,711.7180617,662.3788546,611.8061674,433.3733493,,,,,,,,,,,,828.8986784,805.4625551,790.660793,803.6123348,775.2422907,788.8105727,693.215859,691.9823789,725.2863436,601.938326,648.8105727,669.1629956
,,843.0837004,,,,,844.9339207,823.3480176,796.2114537,714.8017621,665.4625551,615.5066079,433.3733493,,,,,,,,,,,,830.1321586,806.6960352,795.5947137,806.0792952,781.4096916,791.277533,697.5330396,693.215859,729.6035242,603.1718062,651.8942731,672.246696
,,843.0837004,,,,,844.9339207,828.2819383,800.5286344,718.5022026,669.1629956,616.7400881,435.1740696,,,,,,,,,,,,834.4493392,809.7797357,799.9118943,809.7797357,785.1101322,792.5110132,700,696.2995595,733.3039648,606.8722467,656.2114537,675.3303965
,,843.0837004,,,,,844.9339207,833.8325991,803.6123348,721.5859031,671.6299559,617.9735683,435.7743097,,,,,,,,,,,,835.6828194,815.3303965,801.7621145,812.246696,788.1938326,796.8281938,703.7004405,699.3832599,737.0044053,607.4889868,658.6784141,677.7973568
,,843.0837004,,,,,844.9339207,838.1497797,806.0792952,725.9030837,672.8634361,619.8237885,436.9747899,,,,,,,,,,,,836.9162996,821.4977974,803.6123348,816.5638767,792.5110132,802.3788546,706.784141,700.6167401,740.7048458,611.1894273,662.3788546,680.2643172
,,843.0837004,,,,,844.9339207,841.8502203,802.9955947,728.9867841,672.8634361,622.907489,437.57503,,,,,,,,,,,,838.7665198,826.4317181,804.845815,820.2643172,799.9118943,807.3127753,710.4845815,703.0837004,744.4052863,613.0396476,665.4625551,683.3480176
,,843.0837004,,,,,844.9339207,846.784141,806.6960352,731.4537445,673.4801762,625.9911894,444.1776711,,,,,,,,,,,,841.8502203,828.2819383,806.0792952,825.814978,802.3788546,811.6299559,711.7180617,704.9339207,746.8722467,616.123348,669.7797357,685.1982379
,,,,,,,844.9339207,851.7180617,809.1629956,734.5374449,673.4801762,626.6079295,444.7779112,,,,,,,,,,,,843.0837004,832.5991189,806.0792952,828.8986784,803.6123348,821.4977974,716.0352423,706.784141,749.339207,617.9735683,674.0969163,685.814978
,,,,,,,844.9339207,851.7180617,811.6299559,738.2378855,674.0969163,627.8414097,445.3781513,,,,,,,,,,,,843.7004405,835.6828194,807.9295154,830.7488987,807.9295154,826.4317181,722.2026432,709.2511013,751.1894273,620.4405286,677.1806167,687.0484581
,,,,,,,844.9339207,856.0352423,812.246696,740.7048458,674.0969163,629.0748899,445.3781513,,,,,,,,,,,,843.7004405,838.7665198,810.3964758,836.9162996,812.246696,831.9823789,725.2863436,711.7180617,753.6563877,621.6740088,680.8810573,688.8986784
,,,,,,,844.9339207,855.4185022,815.3303965,743.7885463,675.9471366,632.1585903,445.9783914,,,,,,,,,,,,843.7004405,841.8502203,811.0132159,839.3832599,815.9471366,836.9162996,725.9030837,712.9515419,756.123348,623.5242291,684.5814978,690.1321586
,,,,,,,844.9339207,855.4185022,817.1806167,747.4889868,679.6475771,632.7753304,445.9783914,,,,,,,,,,,,843.7004405,843.0837004,816.5638767,841.2334802,820.2643172,840.6167401,727.753304,715.4185022,757.9735683,621.0572687,687.6651982,691.3656388
,,,,,,,844.9339207,856.6519824,819.6475771,750.5726872,684.5814978,632.7753304,448.9795918,,,,,,,,,,,,843.7004405,844.3171806,819.030837,844.3171806,823.3480176,841.8502203,729.6035242,716.6519824,756.123348,630.30837,691.3656388,693.8325991
,,,,,,,844.9339207,857.2687225,820.2643172,751.8061674,685.814978,635.8590308,457.9831933,,,,,,,,,,,,843.7004405,846.784141,819.6475771,847.4008811,827.6651982,841.8502203,733.3039648,719.7356828,762.2907489,632.7753304,695.0660793,696.2995595
,,,,,,,844.9339207,857.2687225,822.1145374,754.8898678,687.6651982,639.5594714,448.3793517,,,,,,,,,,,,843.7004405,846.784141,821.4977974,848.0176211,829.5154185,841.8502203,734.5374449,722.8193833,763.5242291,635.2422907,698.7665198,699.3832599
,,,,,,,844.9339207,857.2687225,828.2819383,757.3568282,686.4317181,641.4096916,450.180072,,,,,,,,,,,,843.7004405,846.784141,824.5814978,848.0176211,831.3656388,841.8502203,735.7709251,723.4361233,765.9911894,638.9427313,704.3171806,701.2334802
,,,,,,,844.9339207,857.2687225,830.1321586,758.5903084,685.1982379,644.4933921,457.3829532,,,,,,,,,,,,843.7004405,846.784141,825.1982379,848.0176211,835.0660793,841.8502203,738.2378855,726.5198238,767.2246696,641.4096916,708.0176211,704.9339207
,,,,,,,844.9339207,857.2687225,832.5991189,761.0572687,684.5814978,646.3436123,457.3829532,,,,,,,,,,,,843.7004405,846.784141,827.0484581,,837.5330396,,741.3215859,728.9867841,769.0748899,643.876652,711.1013216,706.784141
,,,,,,,844.9339207,857.2687225,842.4669604,762.907489,684.5814978,648.8105727,467.5870348,,,,,,,,,,,,843.7004405,846.784141,832.5991189,,839.3832599,,743.7885463,729.6035242,769.0748899,645.1101322,714.8017621,709.2511013
,,,,,,,844.9339207,857.2687225,847.4008811,764.1409692,685.1982379,650.0440529,462.1848739,,,,,,,,,,,,843.7004405,846.784141,834.4493392,,840,,746.2555066,729.6035242,769.0748899,646.9603524,718.5022026,711.1013216
,,,,,,,844.9339207,857.2687225,850.4845815,765.9911894,685.1982379,651.277533,463.3853541,,,,,,,,,,,,843.7004405,846.784141,835.6828194,,840,,748.722467,733.3039648,769.69163,650.660793,720.969163,711.7180617
,,,,,,,844.9339207,856.6519824,851.7180617,766.6079295,685.1982379,653.7444934,466.9867947,,,,,,,,,,,,843.7004405,846.784141,840,,840,,754.2731278,735.154185,774.0088106,650.660793,722.2026432,713.5682819
,,,,,,,844.9339207,840,851.7180617,770.30837,685.1982379,655.5947137,466.9867947,,,,,,,,,,,,843.7004405,846.784141,841.8502203,,840,,755.5066079,737.6211454,776.4757709,651.8942731,727.1365639,715.4185022
,,,,,,,844.9339207,845.5506608,851.7180617,772.7753304,687.0484581,657.4449339,465.7863145,,,,,,,,,,,,843.7004405,846.784141,844.3171806,,840,,756.7400881,738.8546256,778.3259912,652.5110132,730.8370044,716.6519824
,,,,,,,844.9339207,849.2511013,851.7180617,772.7753304,687.0484581,661.1453744,465.7863145,,,,,,,,,,,,843.7004405,846.784141,844.3171806,,840,,757.3568282,740.0881057,776.4757709,653.1277533,735.7709251,718.5022026
,,,,,,,844.9339207,849.8678414,851.7180617,775.2422907,691.3656388,662.9955947,463.9855942,,,,,,,,,,,,843.7004405,846.784141,844.3171806,,840,,757.3568282,744.4052863,782.6431718,655.5947137,738.2378855,719.7356828
,,,,,,,844.9339207,852.3348018,851.7180617,776.4757709,693.8325991,666.0792952,468.787515,,,,,,,,,,,,843.7004405,846.784141,844.3171806,,840,,758.5903084,746.2555066,775.8590308,658.061674,742.5550661,720.969163
,,,,,,,844.9339207,,,777.092511,695.0660793,667.9295154,469.9879952,,,,,,,,,,,,,,844.3171806,,,,761.0572687,748.722467,776.4757709,661.1453744,745.6387665,722.2026432
,,,,,,,844.9339207,,,779.5594714,698.7665198,669.7797357,458.5834334,,,,,,,,,,,,,,844.3171806,,,,762.2907489,749.9559471,779.5594714,651.277533,748.1057269,722.8193833
,,,,,,,844.9339207,,,782.0264317,702.4669604,669.7797357,499.3997599,,,,,,,,,,,,,,844.3171806,,,,762.2907489,750.5726872,783.2599119,652.5110132,749.9559471,723.4361233
,,,,,,,844.9339207,,,784.4933921,702.4669604,669.7797357,500,,,,,,,,,,,,,,844.3171806,,,,762.2907489,753.6563877,783.2599119,655.5947137,752.4229075,726.5198238
,,,,,,,844.9339207,,,785.1101322,702.4669604,669.7797357,487.9951981,,,,,,,,,,,,,,844.3171806,,,,762.907489,754.2731278,776.4757709,656.8281938,752.4229075,727.753304
,,,,,,,844.9339207,,,784.4933921,703.0837004,669.7797357,495.7983193,,,,,,,,,,,,,,844.3171806,,,,764.1409692,754.8898678,777.7092511,659.9118943,759.8237885,728.3700441
,,,,,,,844.9339207,,,784.4933921,704.3171806,672.8634361,499.3997599,,,,,,,,,,,,,,844.3171806,,,,765.9911894,754.8898678,777.092511,661.7621145,763.5242291,730.2202643
,,,,,,,844.9339207,,,785.1101322,705.5506608,673.4801762,499.3997599,,,,,,,,,,,,,,844.3171806,,,,767.2246696,754.8898678,777.092511,661.1453744,767.8414097,730.8370044
,,,,,,,844.9339207,,,783.876652,705.5506608,675.9471366,499.3997599,,,,,,,,,,,,,,844.3171806,,,,769.0748899,754.8898678,778.9427313,661.1453744,768.4581498,733.9207048
,,,,,,,844.9339207,,,784.4933921,708.0176211,674.0969163,420.7683073,,,,,,,,,,,,,,844.3171806,,,,769.69163,753.6563877,782.6431718,661.7621145,775.2422907,735.154185
,,,,,,,844.9339207,,,784.4933921,707.4008811,675.3303965,487.394958,,,,,,,,,,,,,,,,,,770.9251101,753.6563877,783.2599119,664.2290749,775.2422907,737.6211454
,,,,,,,844.9339207,,,785.7268722,708.6343612,673.4801762,420.7683073,,,,,,,,,,,,,,,,,,772.7753304,753.6563877,783.2599119,664.845815,775.2422907,737.0044053
,,,,,,,844.9339207,,,786.3436123,708.6343612,669.7797357,420.7683073,,,,,,,,,,,,,,,,,,774.0088106,753.6563877,782.6431718,666.0792952,775.2422907,734.5374449
,,,,,,,844.9339207,,,787.5770925,708.6343612,669.7797357,420.7683073,,,,,,,,,,,,,,,,,,775.2422907,753.6563877,783.876652,668.5462555,775.2422907,732.6872247
,,,,,,,844.9339207,,,786.3436123,706.784141,669.7797357,420.7683073,,,,,,,,,,,,,,,,,,779.5594714,753.6563877,787.5770925,669.1629956,775.2422907,732.0704846
,,,,,,,844.9339207,,,787.5770925,707.4008811,673.4801762,420.1680672,,,,,,,,,,,,,,,,,,780.7929515,754.2731278,789.4273128,671.6299559,775.2422907,732.6872247
,,,,,,,844.9339207,,,788.8105727,709.2511013,672.8634361,420.7683073,,,,,,,,,,,,,,,,,,780.7929515,754.2731278,777.7092511,671.6299559,775.2422907,734.5374449
,,,,,,,844.9339207,,,787.5770925,711.1013216,669.7797357,420.7683073,,,,,,,,,,,,,,,,,,780.7929515,754.8898678,777.092511,672.246696,775.2422907,737.6211454
,,,,,,,844.9339207,,,787.5770925,714.8017621,669.7797357,420.7683073,,,,,,,,,,,,,,,,,,781.4096916,757.3568282,782.6431718,670.3964758,775.2422907,738.2378855
,,,,,,,844.9339207,,,788.1938326,716.0352423,673.4801762,420.7683073,,,,,,,,,,,,,,,,,,781.4096916,759.8237885,778.3259912,668.5462555,775.2422907,738.2378855
,,,,,,,844.9339207,,,795.5947137,715.4185022,673.4801762,420.7683073,,,,,,,,,,,,,,,,,,782.0264317,759.8237885,776.4757709,671.6299559,775.2422907,728.3700441
,,,,,,,844.9339207,,,796.2114537,715.4185022,674.0969163,420.7683073,,,,,,,,,,,,,,,,,,782.0264317,764.7577093,775.8590308,672.246696,775.2422907,726.5198238
,,,,,,,844.9339207,,,798.061674,716.0352423,678.4140969,420.7683073,,,,,,,,,,,,,,,,,,782.0264317,765.3744493,775.2422907,674.7136564,775.2422907,469.9559471
,,,,,,,844.9339207,,,797.4449339,716.0352423,679.030837,420.7683073,,,,,,,,,,,,,,,,,,782.0264317,766.6079295,775.2422907,675.9471366,775.2422907,473.6563877
,,,,,,,844.9339207,,,788.8105727,706.1674009,682.1145374,420.7683073,,,,,,,,,,,,,,,,,,783.876652,766.6079295,775.2422907,679.030837,775.2422907,474.2731278
,,,,,,,844.9339207,,,790.0440529,704.9339207,684.5814978,420.7683073,,,,,,,,,,,,,,,,,,785.1101322,766.6079295,775.2422907,679.6475771,775.2422907,478.5903084
,,,,,,,844.9339207,,,791.277533,706.1674009,684.5814978,420.7683073,,,,,,,,,,,,,,,,,,786.9603524,777.7092511,775.2422907,680.8810573,775.2422907,469.9559471
,,,,,,,844.9339207,,,795.5947137,702.4669604,687.0484581,420.7683073,,,,,,,,,,,,,,,,,,788.8105727,777.7092511,774.6255507,680.8810573,749.339207,469.9559471
,,,,,,,844.9339207,,,798.061674,702.4669604,684.5814978,420.7683073,,,,,,,,,,,,,,,,,,790.0440529,765.9911894,774.0088106,681.4977974,775.2422907,469.9559471
,,,,,,,844.9339207,,,796.2114537,483.5242291,684.5814978,420.7683073,,,,,,,,,,,,,,,,,,789.4273128,768.4581498,769.69163,682.7312775,751.1894273,470.5726872
,,,,,,,844.9339207,,,798.6784141,483.5242291,684.5814978,420.7683073,,,,,,,,,,,,,,,,,,790.0440529,769.69163,767.8414097,683.3480176,752.4229075,469.339207
,,,,,,,844.9339207,,,798.6784141,483.5242291,684.5814978,420.7683073,,,,,,,,,,,,,,,,,,792.5110132,777.7092511,614.2731278,684.5814978,761.0572687,461.938326
,,,,,,,844.9339207,,,799.9118943,482.2907489,684.5814978,420.7683073,,,,,,,,,,,,,,,,,,793.7444934,777.7092511,626.6079295,685.814978,764.7577093,461.3215859
,,,,,,,844.9339207,,,798.6784141,482.907489,685.814978,420.7683073,,,,,,,,,,,,,,,,,,793.7444934,777.7092511,618.5903084,690.1321586,767.8414097,461.3215859
,,,,,,,844.9339207,,,799.2951542,481.0572687,685.1982379,420.7683073,,,,,,,,,,,,,,,,,,794.3612335,778.3259912,620.4405286,690.7488987,768.4581498,461.3215859
,,,,,,,844.9339207,,,801.1453744,482.2907489,685.814978,420.1680672,,,,,,,,,,,,,,,,,,795.5947137,778.3259912,622.907489,691.3656388,774.6255507,461.3215859
,,,,,,,844.9339207,,,801.1453744,481.6740088,673.4801762,385.9543818,,,,,,,,,,,,,,,,,,795.5947137,778.3259912,622.907489,692.5991189,775.2422907,461.3215859
,,,,,,,844.9339207,,,799.9118943,481.0572687,675.3303965,385.9543818,,,,,,,,,,,,,,,,,,795.5947137,778.3259912,626.6079295,694.4493392,775.2422907,461.3215859
,,,,,,,844.9339207,,,801.1453744,481.0572687,506.9603524,385.9543818,,,,,,,,,,,,,,,,,,794.9779736,778.3259912,623.5242291,695.0660793,765.9911894,461.3215859
,,,,,,,844.9339207,,,801.1453744,480.4405286,508.8105727,420.1680672,,,,,,,,,,,,,,,,,,796.2114537,778.3259912,626.6079295,695.0660793,766.6079295,460.7048458
,,,,,,,844.9339207,,,800.5286344,481.0572687,511.277533,385.9543818,,,,,,,,,,,,,,,,,,796.8281938,778.3259912,614.2731278,694.4493392,775.2422907,430.4845815
,,,,,,,844.9339207,,,799.2951542,481.6740088,512.5110132,420.1680672,,,,,,,,,,,,,,,,,,798.061674,778.3259912,618.5903084,691.3656388,768.4581498,432.3348018
,,,,,,,844.9339207,,,799.2951542,482.907489,513.7444934,385.9543818,,,,,,,,,,,,,,,,,,800.5286344,778.3259912,616.123348,690.7488987,775.2422907,431.7180617
,,,,,,,844.9339207,,,801.7621145,482.907489,512.5110132,420.1680672,,,,,,,,,,,,,,,,,,801.1453744,778.3259912,618.5903084,694.4493392,775.2422907,432.3348018
,,,,,,,844.9339207,,,801.7621145,482.907489,507.5770925,385.9543818,,,,,,,,,,,,,,,,,,801.1453744,778.3259912,621.0572687,694.4493392,738.8546256,432.3348018
,,,,,,,844.9339207,,,805.4625551,483.5242291,507.5770925,385.9543818,,,,,,,,,,,,,,,,,,801.1453744,778.3259912,622.907489,691.3656388,738.8546256,432.3348018
,,,,,,,844.9339207,,,806.6960352,481.6740088,501.4096916,420.1680672,,,,,,,,,,,,,,,,,,802.3788546,778.3259912,626.6079295,694.4493392,730.8370044,431.7180617
,,,,,,,844.9339207,,,760.4405286,482.2907489,509.4273128,385.9543818,,,,,,,,,,,,,,,,,,802.3788546,777.7092511,623.5242291,691.3656388,735.7709251,431.1013216
,,,,,,,844.9339207,,,764.1409692,481.6740088,512.5110132,385.9543818,,,,,,,,,,,,,,,,,,804.845815,777.7092511,626.6079295,691.3656388,737.6211454,431.1013216
,,,,,,,844.9339207,,,764.1409692,477.3568282,510.0440529,386.5546218,,,,,,,,,,,,,,,,,,802.9955947,778.3259912,631.5418502,694.4493392,738.8546256,434.185022
,,,,,,,844.9339207,,,,470.5726872,508.1938326,385.9543818,,,,,,,,,,,,,,,,,,804.845815,777.7092511,629.0748899,695.0660793,741.3215859,424.9339207
,,,,,,,844.9339207,,,,467.4889868,506.9603524,385.9543818,,,,,,,,,,,,,,,,,,804.845815,778.3259912,632.1585903,695.0660793,741.938326,424.9339207
,,,,,,,844.9339207,,,,465.0220264,500.7929515,385.9543818,,,,,,,,,,,,,,,,,,805.4625551,778.3259912,634.6255507,695.0660793,743.1718062,424.9339207
,,,,,,,844.9339207,,,,464.4052863,501.4096916,385.9543818,,,,,,,,,,,,,,,,,,806.0792952,778.3259912,639.5594714,695.0660793,744.4052863,436.6519824
,,,,,,,844.9339207,,,,464.4052863,503.876652,385.9543818,,,,,,,,,,,,,,,,,,806.0792952,777.7092511,643.2599119,695.6828194,745.6387665,405.1982379
,,,,,,,844.9339207,,,,471.8061674,500.7929515,385.9543818,,,,,,,,,,,,,,,,,,806.0792952,777.7092511,644.4933921,695.6828194,745.6387665,437.2687225
,,,,,,,844.9339207,,,,473.0396476,500.7929515,386.5546218,,,,,,,,,,,,,,,,,,806.0792952,777.7092511,561.2334802,700,746.8722467,436.6519824
,,,,,,,844.9339207,,,,471.1894273,500.7929515,385.9543818,,,,,,,,,,,,,,,,,,804.845815,777.7092511,560,698.1497797,746.8722467,404.5814978
,,,,,,,844.9339207,,,,473.0396476,495.8590308,385.9543818,,,,,,,,,,,,,,,,,,802.9955947,777.7092511,563.0837004,697.5330396,743.7885463,404.5814978
,,,,,,,844.9339207,,,,473.0396476,495.2422907,385.9543818,,,,,,,,,,,,,,,,,,802.3788546,778.3259912,552.5991189,705.5506608,746.8722467,404.5814978
,,,,,,,844.9339207,,,,467.4889868,483.5242291,385.9543818,,,,,,,,,,,,,,,,,,804.2290749,778.3259912,528.5462555,695.0660793,,439.1189427
,,,,,,,844.9339207,,,,468.1057269,484.7577093,385.9543818,,,,,,,,,,,,,,,,,,802.9955947,778.3259912,554.4493392,697.5330396,,441.5859031
,,,,,,,844.9339207,,,,470.5726872,484.7577093,385.9543818,,,,,,,,,,,,,,,,,,802.3788546,778.3259912,525.4625551,496.4757709,,442.2026432
,,,,,,,844.9339207,,,,468.722467,487.8414097,385.9543818,,,,,,,,,,,,,,,,,,804.2290749,778.3259912,515.5947137,703.0837004,,442.2026432
,,,,,,,844.9339207,,,,468.722467,395.3303965,385.9543818,,,,,,,,,,,,,,,,,,804.2290749,778.3259912,516.8281938,700.6167401,,442.8193833
,,,,,,,844.9339207,,,,469.9559471,419.3832599,385.9543818,,,,,,,,,,,,,,,,,,804.845815,778.3259912,515.5947137,708.0176211,,442.2026432
,,,,,,,844.9339207,,,,470.5726872,419.3832599,386.5546218,,,,,,,,,,,,,,,,,,804.845815,778.3259912,516.2114537,708.0176211,,404.5814978
,,,,,,,844.9339207,,,,469.9559471,394.7136564,385.9543818,,,,,,,,,,,,,,,,,,806.0792952,778.3259912,518.061674,708.6343612,,442.2026432
,,,,,,,844.9339207,,,,469.9559471,419.3832599,385.9543818,,,,,,,,,,,,,,,,,,805.4625551,778.3259912,521.7621145,507.5770925,,443.4361233
,,,,,,,844.9339207,,,,467.4889868,420,385.9543818,,,,,,,,,,,,,,,,,,805.4625551,778.3259912,524.2290749,507.5770925,,404.5814978
,,,,,,,844.9339207,,,,465.0220264,419.3832599,385.9543818,,,,,,,,,,,,,,,,,,805.4625551,778.3259912,523.6123348,508.1938326,,404.5814978
,,,,,,,844.9339207,,,,463.7885463,421.2334802,385.9543818,,,,,,,,,,,,,,,,,,804.2290749,778.3259912,524.845815,519.2951542,,403.9647577
,,,,,,,844.9339207,,,,464.4052863,425.5506608,385.9543818,,,,,,,,,,,,,,,,,,804.2290749,778.3259912,524.845815,507.5770925,,403.9647577
,,,,,,,844.9339207,,,,464.4052863,426.1674009,385.9543818,,,,,,,,,,,,,,,,,,804.845815,778.3259912,522.9955947,508.1938326,,403.9647577
,,,,,,,844.9339207,,,,464.4052863,425.5506608,386.5546218,,,,,,,,,,,,,,,,,,804.2290749,778.3259912,528.5462555,508.1938326,,403.9647577
,,,,,,,844.9339207,,,,465.0220264,394.0969163,386.5546218,,,,,,,,,,,,,,,,,,804.2290749,778.3259912,518.6784141,524.845815,,403.9647577
,,,,,,,844.9339207,,,,465.0220264,418.7665198,386.5546218,,,,,,,,,,,,,,,,,,802.9955947,778.3259912,519.9118943,505.7268722,,403.9647577
,,,,,,,844.9339207,,,,464.4052863,392.246696,386.5546218,,,,,,,,,,,,,,,,,,805.4625551,777.7092511,522.9955947,508.1938326,,403.9647577
,,,,,,,844.9339207,,,,464.4052863,392.246696,386.5546218,,,,,,,,,,,,,,,,,,803.6123348,777.7092511,523.6123348,507.5770925,,403.9647577
,,,,,,,844.9339207,,,,467.4889868,391.6299559,386.5546218,,,,,,,,,,,,,,,,,,801.7621145,553.215859,523.6123348,508.8105727,,403.9647577
,,,,,,,844.9339207,,,,468.722467,391.6299559,386.5546218,,,,,,,,,,,,,,,,,,801.1453744,554.4493392,,508.8105727,,
,,,,,,,844.9339207,,,,468.722467,391.6299559,386.5546218,,,,,,,,,,,,,,,,,,794.9779736,551.9823789,,510.660793,,
,,,,,,,844.9339207,,,,479.2070485,391.6299559,386.5546218,,,,,,,,,,,,,,,,,,794.3612335,554.4493392,,508.8105727,,
,,,,,,,844.9339207,,,,470.5726872,391.0132159,386.5546218,,,,,,,,,,,,,,,,,,793.7444934,555.0660793,,514.3612335,,
,,,,,,,844.9339207,,,,479.2070485,391.0132159,386.5546218,,,,,,,,,,,,,,,,,,792.5110132,556.9162996,,508.1938326,,
,,,,,,,844.9339207,,,,479.2070485,391.0132159,386.5546218,,,,,,,,,,,,,,,,,,794.3612335,558.7665198,,508.8105727,,
,,,,,,,844.9339207,,,,469.9559471,391.6299559,386.5546218,,,,,,,,,,,,,,,,,,798.061674,560,,508.1938326,,
,,,,,,,844.9339207,,,,480.4405286,391.6299559,386.5546218,,,,,,,,,,,,,,,,,,793.7444934,558.7665198,,508.8105727,,
,,,,,,,844.9339207,,,,479.2070485,391.6299559,386.5546218,,,,,,,,,,,,,,,,,,794.3612335,558.7665198,,508.8105727,,
,,,,,,,844.9339207,,,,481.0572687,391.6299559,386.5546218,,,,,,,,,,,,,,,,,,794.3612335,560,,508.8105727,,
,,,,,,,844.9339207,,,,480.4405286,391.6299559,386.5546218,,,,,,,,,,,,,,,,,,,,,508.1938326,,
,,,,,,,844.9339207,,,,478.5903084,391.6299559,386.5546218,,,,,,,,,,,,,,,,,,,,,502.0264317,,
,,,,,,,844.9339207,,,,475.5066079,391.0132159,386.5546218,,,,,,,,,,,,,,,,,,,,,508.1938326,,
,,,,,,,844.9339207,,,,468.722467,391.6299559,386.5546218,,,,,,,,,,,,,,,,,,,,,508.8105727,,
,,,,,,,844.9339207,,,,477.3568282,390.3964758,386.5546218,,,,,,,,,,,,,,,,,,,,,508.1938326,,
,,,,,,,844.9339207,,,,474.2731278,390.3964758,386.5546218,,,,,,,,,,,,,,,,,,,,,507.5770925,,
,,,,,,,844.9339207,,,,467.4889868,390.3964758,386.5546218,,,,,,,,,,,,,,,,,,,,,507.5770925,,
,,,,,,,844.9339207,,,,468.722467,390.3964758,386.5546218,,,,,,,,,,,,,,,,,,,,,508.1938326,,
,,,,,,,844.9339207,,,,468.722467,389.7797357,386.5546218,,,,,,,,,,,,,,,,,,,,,508.1938326,,
,,,,,,,844.9339207,,,,461.938326,389.7797357,386.5546218,,,,,,,,,,,,,,,,,,,,,508.1938326,,
,,,,,,,844.9339207,,,,461.938326,389.7797357,386.5546218,,,,,,,,,,,,,,,,,,,,,,,
,,,,,,,844.9339207,,,,461.3215859,389.7797357,386.5546218,,,,,,,,,,,,,,,,,,,,,,,
,,,,,,,844.9339207,,,,461.938326,389.7797357,386.5546218,,,,,,,,,,,,,,,,,,,,,,,
,,,,,,,844.9339207,,,,461.938326,389.1629956,386.5546218,,,,,,,,,,,,,,,,,,,,,,,
,,,,,,,844.9339207,,,,461.938326,389.7797357,386.5546218,,,,,,,,,,,,,,,,,,,,,,,
,,,,,,,844.9339207,,,,461.3215859,389.7797357,386.5546218,,,,,,,,,,,,,,,,,,,,,,,
,,,,,,,844.9339207,,,,461.3215859,387.9295154,386.5546218,,,,,,,,,,,,,,,,,,,,,,,
,,,,,,,844.9339207,,,,459.4713656,387.9295154,386.5546218,,,,,,,,,,,,,,,,,,,,,,,
,,,,,,,844.9339207,,,,459.4713656,389.7797357,386.5546218,,,,,,,,,,,,,,,,,,,,,,,
,,,,,,,844.9339207,,,,458.8546256,389.7797357,386.5546218,,,,,,,,,,,,,,,,,,,,,,,
,,,,,,,,,,,457.6211454,389.7797357,,,,,,,,,,,,,,,,,,,,,,,,
,,,,,,,,,,,455.7709251,388.5462555,,,,,,,,,,,,,,,,,,,,,,,,
,,,,,,,,,,,458.2378855,389.1629956,,,,,,,,,,,,,,,,,,,,,,,,
,,,,,,,,,,,455.154185,389.7797357,,,,,,,,,,,,,,,,,,,,,,,,
,,,,,,,,,,,461.3215859,389.1629956,,,,,,,,,,,,,,,,,,,,,,,,
,,,,,,,,,,,461.3215859,389.1629956,,,,,,,,,,,,,,,,,,,,,,,,
,,,,,,,,,,,461.938326,389.1629956,,,,,,,,,,,,,,,,,,,,,,,,
,,,,,,,,,,,462.5550661,389.1629956,,,,,,,,,,,,,,,,,,,,,,,,
,,,,,,,,,,,461.938326,387.9295154,,,,,,,,,,,,,,,,,,,,,,,,
,,,,,,,,,,,461.3215859,389.7797357,,,,,,,,,,,,,,,,,,,,,,,,
,,,,,,,,,,,461.938326,389.1629956,,,,,,,,,,,,,,,,,,,,,,,,
,,,,,,,,,,,461.3215859,389.7797357,,,,,,,,,,,,,,,,,,,,,,,,
,,,,,,,,,,,461.3215859,389.7797357,,,,,,,,,,,,,,,,,,,,,,,,
,,,,,,,,,,,455.7709251,389.7797357,,,,,,,,,,,,,,,,,,,,,,,,
,,,,,,,,,,,455.7709251,390.3964758,,,,,,,,,,,,,,,,,,,,,,,,
,,,,,,,,,,,455.7709251,390.3964758,,,,,,,,,,,,,,,,,,,,,,,,
,,,,,,,,,,,455.7709251,390.3964758,,,,,,,,,,,,,,,,,,,,,,,,
,,,,,,,,,,,455.7709251,390.3964758,,,,,,,,,,,,,,,,,,,,,,,,
,,,,,,,,,,,458.2378855,390.3964758,,,,,,,,,,,,,,,,,,,,,,,,
,,,,,,,,,,,456.3876652,390.3964758,,,,,,,,,,,,,,,,,,,,,,,,
,,,,,,,,,,,456.3876652,390.3964758,,,,,,,,,,,,,,,,,,,,,,,,
,,,,,,,,,,,458.2378855,390.3964758,,,,,,,,,,,,,,,,,,,,,,,,
,,,,,,,,,,,458.2378855,390.3964758,,,,,,,,,,,,,,,,,,,,,,,,
,,,,,,,,,,,458.2378855,390.3964758,,,,,,,,,,,,,,,,,,,,,,,,
,,,,,,,,,,,458.2378855,390.3964758,,,,,,,,,,,,,,,,,,,,,,,,
,,,,,,,,,,,457.6211454,389.7797357,,,,,,,,,,,,,,,,,,,,,,,,
,,,,,,,,,,,458.2378855,389.7797357,,,,,,,,,,,,,,,,,,,,,,,,
,,,,,,,,,,,458.2378855,389.7797357,,,,,,,,,,,,,,,,,,,,,,,,
,,,,,,,,,,,455.7709251,389.7797357,,,,,,,,,,,,,,,,,,,,,,,,
,,,,,,,,,,,455.7709251,390.3964758,,,,,,,,,,,,,,,,,,,,,,,,
,,,,,,,,,,,455.154185,390.3964758,,,,,,,,,,,,,,,,,,,,,,,,
,,,,,,,,,,,455.154185,390.3964758,,,,,,,,,,,,,,,,,,,,,,,,
,,,,,,,,,,,455.154185,390.3964758,,,,,,,,,,,,,,,,,,,,,,,,
,,,,,,,,,,,455.154185,390.3964758,,,,,,,,,,,,,,,,,,,,,,,,
,,,,,,,,,,,444.6696035,390.3964758,,,,,,,,,,,,,,,,,,,,,,,,
,,,,,,,,,,,455.154185,390.3964758,,,,,,,,,,,,,,,,,,,,,,,,
,,,,,,,,,,,455.154185,390.3964758,,,,,,,,,,,,,,,,,,,,,,,,
,,,,,,,,,,,455.154185,390.3964758,,,,,,,,,,,,,,,,,,,,,,,,
,,,,,,,,,,,445.2863436,390.3964758,,,,,,,,,,,,,,,,,,,,,,,,
,,,,,,,,,,,455.7709251,390.3964758,,,,,,,,,,,,,,,,,,,,,,,,
,,,,,,,,,,,,389.7797357,,,,,,,,,,,,,,,,,,,,,,,,
,,,,,,,,,,,,389.7797357,,,,,,,,,,,,,,,,,,,,,,,,
,,,,,,,,,,,,389.7797357,,,,,,,,,,,,,,,,,,,,,,,,
,,,,,,,,,,,,389.7797357,,,,,,,,,,,,,,,,,,,,,,,,
,,,,,,,,,,,,389.7797357,,,,,,,,,,,,,,,,,,,,,,,,
,,,,,,,,,,,,390.3964758,,,,,,,,,,,,,,,,,,,,,,,,
,,,,,,,,,,,,390.3964758,,,,,,,,,,,,,,,,,,,,,,,,
,,,,,,,,,,,,390.3964758,,,,,,,,,,,,,,,,,,,,,,,,
,,,,,,,,,,,,389.7797357,,,,,,,,,,,,,,,,,,,,,,,,
,,,,,,,,,,,,389.7797357,,,,,,,,,,,,,,,,,,,,,,,,
